TOWN,COUNTY,TOWN_ID,COUNTY_ID,AREA,SHOW_NAME,SHOW_ID
秀林鄉,花蓮縣,10015110,10015,1623832682.83,花蓮縣秀林鄉,S15-10015110
花蓮市,花蓮縣,10015010,10015,29311635.8411,花蓮縣花蓮市,S15-10015010
水里鄉,南投縣,10008110,10008,111743948.5479,南投縣水里鄉,S08-10008110
南投市,南投縣,10008010,10008,71857619.8748,南投縣南投市,S08-10008010
國姓鄉,南投縣,10008100,10008,205924987.5072,南投縣國姓鄉,S08-10008100
集集鎮,南投縣,10008050,10008,39728037.7152,南投縣集集鎮,S08-10008050
九如鄉,屏東縣,10013080,10013,43106712.6663,屏東縣九如鄉,S13-10013080
西屯區,臺中市,10019060,10019,40121187.7948,臺中市西屯區,S19-10019060
士林區,臺北市,63000110,63000,61943111.4838,臺北市士林區,S22-63000110
大同區,臺北市,63000060,63000,4711348.4562,臺北市大同區,S22-63000060
文山區,臺北市,63000080,63000,31219241.5906,臺北市文山區,S22-63000080
信義區,臺北市,63000020,63000,11193617.6852,臺北市信義區,S22-63000020
大同鄉,宜蘭縣,10002110,10002,765419487.2445,宜蘭縣大同鄉,S02-10002110
來義鄉,屏東縣,10013300,10013,162271246.6215,屏東縣來義鄉,S13-10013300
車城鄉,屏東縣,10013230,10013,58655875.4218,屏東縣車城鄉,S13-10013230
林邊鄉,屏東縣,10013190,10013,15850704.6525,屏東縣林邊鄉,S13-10013190
屏東市,屏東縣,10013010,10013,66046235.5201,屏東縣屏東市,S13-10013010
崁頂鄉,屏東縣,10013180,10013,25314919.7206,屏東縣崁頂鄉,S13-10013180
琉球鄉,屏東縣,10013220,10013,6873606.6993,屏東縣琉球鄉,S13-10013220
新埤鄉,屏東縣,10013150,10013,56757066.7744,屏東縣新埤鄉,S13-10013150
滿州鄉,屏東縣,10013240,10013,147346101.665,屏東縣滿州鄉,S13-10013240
竹南鎮,苗栗縣,10005040,10005,41623125.5971,苗栗縣竹南鎮,S05-10005040
西湖鄉,苗栗縣,10005140,10005,40936100.7058,苗栗縣西湖鄉,S05-10005140
南庄鄉,苗栗縣,10005110,10005,162026082.085,苗栗縣南庄鄉,S05-10005110
苗栗市,苗栗縣,10005010,10005,37652299.8864,苗栗縣苗栗市,S05-10005010
通霄鎮,苗栗縣,10005030,10005,113792236.0767,苗栗縣通霄鎮,S05-10005030
八德市,桃園縣,10003080,10003,33778506.7926,桃園縣八德市,S03-10003080
桃園市,桃園縣,10003010,10003,34363137.1715,桃園縣桃園市,S03-10003010
新屋鄉,桃園縣,10003110,10003,87073599.7639,桃園縣新屋鄉,S03-10003110
龍潭鄉,桃園縣,10003090,10003,75913766.0789,桃園縣龍潭鄉,S03-10003090
龜山鄉,桃園縣,10003070,10003,71419878.2128,桃園縣龜山鄉,S03-10003070
小港區,高雄市,64000110,64000,43827138.0451,高雄市小港區,S23-64000110
前金區,高雄市,64000070,64000,1957267.9346,高雄市前金區,S23-64000070
前鎮區,高雄市,64000090,64000,18286417.9529,高雄市前鎮區,S23-64000090
羅東鎮,宜蘭縣,10002020,10002,11272558.4488,宜蘭縣羅東鎮,S02-10002020
蘇澳鎮,宜蘭縣,10002030,10002,86562200.8593,宜蘭縣蘇澳鎮,S02-10002030
牡丹鄉,屏東縣,10013330,10013,173846913.735,屏東縣牡丹鄉,S13-10013330
暖暖區,基隆市,10017030,10017,23013125.4164,基隆市暖暖區,S17-10017030
大埤鄉,雲林縣,10009080,10009,44303047.4334,雲林縣大埤鄉,S09-10009080
元長鄉,雲林縣,10009170,10009,72167691.5018,雲林縣元長鄉,S09-10009170
水林鄉,雲林縣,10009200,10009,72818531.0957,雲林縣水林鄉,S09-10009200
莿桐鄉,雲林縣,10009090,10009,57139849.354,雲林縣莿桐鄉,S09-10009090
褒忠鄉,雲林縣,10009150,10009,35653190.8809,雲林縣褒忠鄉,S09-10009150
蘆洲市,臺北縣,10001140,10001,7733293.8397,臺北縣蘆洲市,S01-10001140
大武鄉,臺東縣,10014100,10014,62590011.2378,臺東縣大武鄉,S14-10014100
太麻里鄉,臺東縣,10014090,10014,102289468.1323,臺東縣太麻里鄉,S14-10014090
成功鎮,臺東縣,10014020,10014,143525876.948,臺東縣成功鎮,S14-10014020
金峰鄉,臺東縣,10014140,10014,387529660.8349,臺東縣金峰鄉,S14-10014140
長濱鄉,臺東縣,10014080,10014,148842372.4879,臺東縣長濱鄉,S14-10014080
內門鄉,高雄縣,10012240,10012,93438297.4489,高雄縣內門鄉,S12-10012240
旗津區,高雄市,64000100,64000,4720894.7314,高雄市旗津區,S23-64000100
鹽埕區,高雄市,64000010,64000,1569703.6768,高雄市鹽埕區,S23-64000010
大社鄉,高雄縣,10012050,10012,25219216.3457,高雄縣大社鄉,S12-10012050
仁武鄉,高雄縣,10012060,10012,37957387.7539,高雄縣仁武鄉,S12-10012060
杉林鄉,高雄縣,10012230,10012,102168054.02,高雄縣杉林鄉,S12-10012230
桃源鄉,高雄縣,10012260,10012,969427892.6621,高雄縣桃源鄉,S12-10012260
鳳山市,高雄縣,10012010,10012,27855307.7813,高雄縣鳳山市,S12-10012010
芎林鄉,新竹縣,10004070,10004,39926097.3118,新竹縣芎林鄉,S04-10004070
峨眉鄉,新竹縣,10004110,10004,46529083.8809,新竹縣峨眉鄉,S04-10004110
橫山鄉,新竹縣,10004080,10004,65136098.0635,新竹縣橫山鄉,S04-10004080
下營鄉,臺南縣,10011080,10011,33526085.6488,臺南縣下營鄉,S11-10011080
六甲鄉,臺南縣,10011090,10011,66808751.2543,臺南縣六甲鄉,S11-10011090
左鎮鄉,臺南縣,10011260,10011,72795252.2007,臺南縣左鎮鄉,S11-10011260
永康市,臺南縣,10011310,10011,40837306.4006,臺南縣永康市,S11-10011310
官田鄉,臺南縣,10011100,10011,72279858.0475,臺南縣官田鄉,S11-10011100
東山鄉,臺南縣,10011060,10011,124114301.4818,臺南縣東山鄉,S11-10011060
將軍鄉,臺南縣,10011160,10011,47083750.384,臺南縣將軍鄉,S11-10011160
新營市,臺南縣,10011010,10011,38602616.6081,臺南縣新營市,S11-10011010
龍崎鄉,臺南縣,10011300,10011,62321720.1045,臺南縣龍崎鄉,S11-10011300
東區,嘉義市,10020010,10020,30492905.7766,嘉義市東區,S20-10020010
太保市,嘉義縣,10010010,10010,66528811.395,嘉義縣太保市,S10-10010010
阿里山鄉,嘉義縣,10010180,10010,468330726.9042,嘉義縣阿里山鄉,S10-10010180
新港鄉,嘉義縣,10010070,10010,66192811.3994,嘉義縣新港鄉,S10-10010070
大村鄉,彰化縣,10007130,10007,30452846.3814,彰化縣大村鄉,S07-10007130
永靖鄉,彰化縣,10007160,10007,20294056.4485,彰化縣永靖鄉,S07-10007160
田尾鄉,彰化縣,10007210,10007,24663980.085,彰化縣田尾鄉,S07-10007210
員林鎮,彰化縣,10007100,10007,39411159.5691,彰化縣員林鎮,S07-10007100
溪湖鎮,彰化縣,10007110,10007,31032118.8911,彰化縣溪湖鎮,S07-10007110
大肚鄉,臺中縣,10006160,10006,38298473.6726,臺中縣大肚鄉,S06-10006160
大里市,臺中縣,10006200,10006,29272350.0955,臺中縣大里市,S06-10006200
外埔鄉,臺中縣,10006130,10006,42086522.5584,臺中縣外埔鄉,S06-10006130
石岡鄉,臺中縣,10006120,10006,17809585.1816,臺中縣石岡鄉,S06-10006120
龍井鄉,臺中縣,10006170,10006,48679668.6407,臺中縣龍井鄉,S06-10006170
土城市,臺北縣,10001130,10001,29890776.8088,臺北縣土城市,S01-10001130
平溪鄉,臺北縣,10001240,10001,71182798.6819,臺北縣平溪鄉,S01-10001240
永和市,臺北縣,10001040,10001,6186150.3729,臺北縣永和市,S01-10001040
板橋市,臺北縣,10001010,10001,21269028.8426,臺北縣板橋市,S01-10001010
金山鄉,臺北縣,10001270,10001,47585094.4862,臺北縣金山鄉,S01-10001270
深坑鄉,臺北縣,10001180,10001,21004867.1049,臺北縣深坑鄉,S01-10001180
萬里鄉,臺北縣,10001280,10001,63111522.2206,臺北縣萬里鄉,S01-10001280
樹林市,臺北縣,10001070,10001,31957877.9467,臺北縣樹林市,S01-10001070
雙溪鄉,臺北縣,10001250,10001,205979266.5056,臺北縣雙溪鄉,S01-10001250
七美鄉,澎湖縣,10016060,10016,7433290.5276,澎湖縣七美鄉,S16-10016060
信義區,基隆市,10017070,10017,10734491.8814,基隆市信義區,S17-10017070
南竿鄉,連江縣,09007010,09007,4734200,連江縣南竿鄉,S25-09007010
新城鄉,花蓮縣,10015040,10015,28827032.8622,花蓮縣新城鄉,S15-10015040
萬榮鄉,花蓮縣,10015120,10015,687351027.9852,花蓮縣萬榮鄉,S15-10015120
信義鄉,南投縣,10008120,10008,1423726284.6232,南投縣信義鄉,S08-10008120
草屯鎮,南投縣,10008030,10008,103960188.81,南投縣草屯鎮,S08-10008030
三地門鄉,屏東縣,10013260,10013,185904861.3,屏東縣三地門鄉,S13-10013260
豐原市,臺中縣,10006010,10006,41611846.125,臺中縣豐原市,S06-10006010
燕巢鄉,高雄縣,10012100,10012,68060155.627,高雄縣燕巢鄉,S12-10012100
七堵區,基隆市,10017020,10017,56625885.3608,基隆市七堵區,S17-10017020
鹽水鎮,臺南縣,10011020,10011,51580813.3116,臺南縣鹽水鎮,S11-10011020
西嶼鄉,澎湖縣,10016040,10016,19657049.3057,澎湖縣西嶼鄉,S16-10016040
馬公市,澎湖縣,10016010,10016,34893429.6184,澎湖縣馬公市,S16-10016010
善化鎮,臺南縣,10011190,10011,53437345.4823,臺南縣善化鎮,S11-10011190
莒光鄉,連江縣,09007030,09007,3942600,連江縣莒光鄉,S25-09007030
金湖鎮,金門縣,09020030,09020,34138900,金門縣金湖鎮,S24-09020030
東港鎮,屏東縣,10013030,10013,28467529.6609,屏東縣東港鎮,S13-10013030
長治鄉,屏東縣,10013060,10013,45787434.4894,屏東縣長治鄉,S13-10013060
中區,臺中市,10019010,10019,943735.3,臺中市中區,S19-10019010
新園鄉,屏東縣,10013170,10013,44320669.3459,屏東縣新園鄉,S13-10013170
瑪家鄉,屏東縣,10013280,10013,61676518.244,屏東縣瑪家鄉,S13-10013280
頭份鎮,苗栗縣,10005050,10005,52921455.0226,苗栗縣頭份鎮,S05-10005050
北港鎮,雲林縣,10009060,10009,41636105.639,雲林縣北港鎮,S09-10009060
虎尾鎮,雲林縣,10009030,10009,68353804.4336,雲林縣虎尾鎮,S09-10009030
麥寮鄉,雲林縣,10009130,10009,110021692.2845,雲林縣麥寮鄉,S09-10009130
五峰鄉,新竹縣,10004130,10004,210039072.8465,新竹縣五峰鄉,S04-10004130
茂林鄉,高雄縣,10012250,10012,241392279.111,高雄縣茂林鄉,S12-10012250
中正區,基隆市,10017010,10017,10022677.429,基隆市中正區,S17-10017010
關廟鄉,臺南縣,10011290,10011,53534483.3638,臺南縣關廟鄉,S11-10011290
沙鹿鎮,臺中縣,10006050,10006,40127103.2805,臺中縣沙鹿鎮,S06-10006050
臺西鄉,雲林縣,10009160,10009,60087568.2031,雲林縣臺西鄉,S09-10009160
臺東市,臺東縣,10014010,10014,111479626.2405,臺東縣臺東市,S14-10014010
新市鄉,臺南縣,10011200,10011,50433745.3229,臺南縣新市鄉,S11-10011200
大城鄉,彰化縣,10007240,10007,76050132.0426,彰化縣大城鄉,S07-10007240
花壇鄉,彰化縣,10007080,10007,35959121.8385,彰化縣花壇鄉,S07-10007080
后里鄉,臺中縣,10006070,10006,57195630.5138,臺中縣后里鄉,S06-10006070
東勢鎮,臺中縣,10006020,10006,107793540.4485,臺中縣東勢鎮,S06-10006020
梧棲鎮,臺中縣,10006060,10006,24258037.893,臺中縣梧棲鎮,S06-10006060
潭子鄉,臺中縣,10006090,10006,25843262.5424,臺中縣潭子鄉,S06-10006090
東引鄉,連江縣,09007040,09007,4502400,連江縣東引鄉,S25-09007040
北投區,臺北市,63000120,63000,57441221.8384,臺北市北投區,S22-63000120
楊梅鎮,桃園縣,10003040,10003,89646305.1857,桃園縣楊梅鎮,S03-10003040
橋頭鄉,高雄縣,10012090,10012,24357405.0996,高雄縣橋頭鄉,S12-10012090
玉里鎮,花蓮縣,10015030,10015,210906974.48,花蓮縣玉里鎮,S15-10015030
芬園鄉,彰化縣,10007090,10007,38285551.9858,彰化縣芬園鄉,S07-10007090
金城鎮,金門縣,09020010,09020,18919700,金門縣金城鎮,S24-09020010
北竿鄉,連江縣,09007020,09007,3754700,連江縣北竿鄉,S25-09007020
富里鄉,花蓮縣,10015100,10015,171999227.2756,花蓮縣富里鄉,S15-10015100
南屯區,臺中市,10019070,10019,30195860.3487,臺中市南屯區,S19-10019070
鹽埔鄉,屏東縣,10013100,10013,59171290.0912,屏東縣鹽埔鄉,S13-10013100
枋山鄉,屏東縣,10013250,10013,16532990.7888,屏東縣枋山鄉,S13-10013250
斗南鎮,雲林縣,10009020,10009,48289914.2458,雲林縣斗南鎮,S09-10009020
竹北市,新竹縣,10004010,10004,50354034.2124,新竹縣竹北市,S04-10004010
永安鄉,高雄縣,10012160,10012,26436859.9219,高雄縣永安鄉,S12-10012160
布袋鎮,嘉義縣,10010030,10010,77009654.6852,嘉義縣布袋鎮,S10-10010030
鹿草鄉,嘉義縣,10010110,10010,54538691.881,嘉義縣鹿草鄉,S10-10010110
仁愛區,基隆市,10017040,10017,4525795.9707,基隆市仁愛區,S17-10017040
恆春鎮,屏東縣,10013040,10013,138018538.807,屏東縣恆春鎮,S13-10013040
大溪鎮,桃園縣,10003030,10003,105154021.021,桃園縣大溪鎮,S03-10003030
二林鎮,彰化縣,10007200,10007,92196020.2533,彰化縣二林鎮,S07-10007200
溪州鄉,彰化縣,10007260,10007,69256693.1757,彰化縣溪州鄉,S07-10007260
線西鄉,彰化縣,10007040,10007,20167847.3529,彰化縣線西鄉,S07-10007040
泰山鄉,臺北縣,10001160,10001,18088822.471,臺北縣泰山鄉,S01-10001160
北區,新竹市,10018020,10018,25695076.8303,新竹市北區,S18-10018020
大樹鄉,高雄縣,10012040,10012,67341377.6289,高雄縣大樹鄉,S12-10012040
大內鄉,臺南縣,10011110,10011,71077909.5677,臺南縣大內鄉,S11-10011110
南化鄉,臺南縣,10011250,10011,171379645.7486,臺南縣南化鄉,S11-10011250
秀水鄉,彰化縣,10007070,10007,29082645.6663,彰化縣秀水鄉,S07-10007070
五股鄉,臺北縣,10001150,10001,34348813.6927,臺北縣五股鄉,S01-10001150
石門鄉,臺北縣,10001220,10001,51911601.7757,臺北縣石門鄉,S01-10001220
關西鎮,新竹縣,10004040,10004,125189805.0961,新竹縣關西鎮,S04-10004040
壯圍鄉,宜蘭縣,10002060,10002,39900689.8188,宜蘭縣壯圍鄉,S02-10002060
獅子鄉,屏東縣,10013320,10013,313345732.5611,屏東縣獅子鄉,S13-10013320
林內鄉,雲林縣,10009100,10009,52127273.9553,雲林縣林內鄉,S09-10009100
東河鄉,臺東縣,10014070,10014,215119249.3849,臺東縣東河鄉,S14-10014070
佳里鎮,臺南縣,10011120,10011,39113454.9536,臺南縣佳里鎮,S11-10011120
安南區,臺南市,10021060,10021,116964376.078,臺南市安南區,S21-10021060
七股鄉,臺南縣,10011150,10011,141821803.462,臺南縣七股鄉,S11-10011150
山上鄉,臺南縣,10011220,10011,27646738.7856,臺南縣山上鄉,S11-10011220
玉井鄉,臺南縣,10011230,10011,74996144.7766,臺南縣玉井鄉,S11-10011230
新化鎮,臺南縣,10011180,10011,61941928.1952,臺南縣新化鎮,S11-10011180
朴子市,嘉義縣,10010020,10010,49961855.3152,嘉義縣朴子市,S10-10010020
蘭嶼鄉,臺東縣,10014160,10014,47042606.3017,臺東縣蘭嶼鄉,S14-10014160
中正區,臺北市,63000050,63000,7408349.2725,臺北市中正區,S22-63000050
南州鄉,屏東縣,10013200,10013,18794660.2199,屏東縣南州鄉,S13-10013200
復興鄉,桃園縣,10003130,10003,336845920.4537,桃園縣復興鄉,S03-10003130
觀音鄉,桃園縣,10003120,10003,92312339.3724,桃園縣觀音鄉,S03-10003120
香山區,新竹市,10018030,10018,64527454.4171,新竹市香山區,S18-10018030
鼓山區,高雄市,64000020,64000,20643388.3336,高雄市鼓山區,S23-64000020
安定鄉,臺南縣,10011210,10011,31869266.0395,臺南縣安定鄉,S11-10011210
埤頭鄉,彰化縣,10007220,10007,42483082.9189,彰化縣埤頭鄉,S07-10007220
歸仁鄉,臺南縣,10011280,10011,54953665.6206,臺南縣歸仁鄉,S11-10011280
金沙鎮,金門縣,09020020,09020,43374800,金門縣金沙鎮,S24-09020020
梓官鄉,高雄縣,10012180,10012,11894556.7324,高雄縣梓官鄉,S12-10012180
美濃鎮,高雄縣,10012200,10012,118035869.3574,高雄縣美濃鎮,S12-10012200
礁溪鄉,宜蘭縣,10002050,10002,100566313.0027,宜蘭縣礁溪鄉,S02-10002050
竹田鄉,屏東縣,10013140,10013,29639558.2608,屏東縣竹田鄉,S13-10013140
北埔鄉,新竹縣,10004090,10004,53413117.6245,新竹縣北埔鄉,S04-10004090
林口鄉,臺北縣,10001170,10001,53672467.0321,臺北縣林口鄉,S01-10001170
望安鄉,澎湖縣,10016050,10016,15557740.0156,澎湖縣望安鄉,S16-10016050
路竹鄉,高雄縣,10012130,10012,50661503.332,高雄縣路竹鄉,S12-10012130
神岡鄉,臺中縣,10006080,10006,36439366.9322,臺中縣神岡鄉,S06-10006080
新社鄉,臺中縣,10006110,10006,82011823.5824,臺中縣新社鄉,S06-10006110
中寮鄉,南投縣,10008080,10008,143871232.9482,南投縣中寮鄉,S08-10008080
北區,臺中市,10019050,10019,7613580.0452,臺中市北區,S19-10019050
頭城鎮,宜蘭縣,10002040,10002,92871022.654,宜蘭縣頭城鎮,S02-10002040
田寮鄉,高雄縣,10012110,10012,89445103.1113,高雄縣田寮鄉,S12-10012110
溪口鄉,嘉義縣,10010060,10010,32418755.5152,嘉義縣溪口鄉,S10-10010060
公撊m,苗栗縣,10005090,10005,71686098.7007,苗栗縣公撊m,S05-10005090
田中鎮,彰化縣,10007120,10007,34443206.299,彰化縣田中鎮,S07-10007120
魚池鄉,南投縣,10008090,10008,124371282.905,南投縣魚池鄉,S08-10008090
五結鄉,宜蘭縣,10002090,10002,39972820.5776,宜蘭縣五結鄉,S02-10002090
大湖鄉,苗栗縣,10005080,10005,90953621.3756,苗栗縣大湖鄉,S05-10005080
土庫鎮,雲林縣,10009050,10009,48089269.918,雲林縣土庫鎮,S09-10009050
安平區,臺南市,10021070,10021,11383376.5977,臺南市安平區,S21-10021070
貢寮鄉,臺北縣,10001260,10001,98796774.1043,臺北縣貢寮鄉,S01-10001260
鹿港鎮,彰化縣,10007020,10007,71938896.9487,彰化縣鹿港鎮,S07-10007020
瑞穗鄉,花蓮縣,10015090,10015,151588872.935,花蓮縣瑞穗鄉,S15-10015090
北區,臺南市,10021040,10021,9833126.657,臺南市北區,S21-10021040
西港鄉,臺南縣,10011140,10011,34571464.2343,臺南縣西港鄉,S11-10011140
南區,臺中市,10019030,10019,7931705.8257,臺中市南區,S19-10019030
員山鄉,宜蘭縣,10002070,10002,141617418.267,宜蘭縣員山鄉,S02-10002070
南區,臺南市,10021020,10021,27857671.6833,臺南市南區,S21-10021020
柳營鄉,臺南縣,10011040,10011,61541557.9928,臺南縣柳營鄉,S11-10011040
和美鎮,彰化縣,10007030,10007,38203072.6395,彰化縣和美鎮,S07-10007030
西螺鎮,雲林縣,10009040,10009,50051545.817,雲林縣西螺鎮,S09-10009040
仁愛鄉,南投縣,10008130,10008,1220161974.0902,南投縣仁愛鄉,S08-10008130
佳冬鄉,屏東縣,10013210,10013,31221060.2256,屏東縣佳冬鄉,S13-10013210
茄萣鄉,高雄縣,10012150,10012,17461137.0156,高雄縣茄萣鄉,S12-10012150
東石鄉,嘉義縣,10010090,10010,81982354.2563,嘉義縣東石鄉,S10-10010090
金寧鄉,金門縣,09020040,09020,34988600,金門縣金寧鄉,S24-09020040
南澳鄉,宜蘭縣,10002120,10002,716070056.8306,宜蘭縣南澳鄉,S02-10002120
那瑪夏鄉,高雄縣,10012270,10012,172345931.5586,高雄縣那瑪夏鄉,S12-10012270
清水鎮,臺中縣,10006040,10006,73492156.4133,臺中縣清水鎮,S06-10006040
崙背鄉,雲林縣,10009120,10009,57130143.0282,雲林縣崙背鄉,S09-10009120
吉安鄉,花蓮縣,10015050,10015,62654386.4744,花蓮縣吉安鄉,S15-10015050
里港鄉,屏東縣,10013090,10013,69706442.5711,屏東縣里港鄉,S13-10013090
關山鎮,臺東縣,10014030,10014,60336389.636,臺東縣關山鎮,S14-10014030
麻豆鎮,臺南縣,10011070,10011,54891218.8115,臺南縣麻豆鎮,S11-10011070
三峽鎮,臺北縣,10001090,10001,189447546.596,臺北縣三峽鎮,S01-10001090
汐止市,臺北縣,10001110,10001,71777553.5086,臺北縣汐止市,S01-10001110
義竹鄉,嘉義縣,10010100,10010,78811755.7013,嘉義縣義竹鄉,S10-10010100
冬山鄉,宜蘭縣,10002080,10002,75334997.1718,宜蘭縣冬山鄉,S02-10002080
中山區,基隆市,10017050,10017,9741228.72,基隆市中山區,S17-10017050
泰安鄉,苗栗縣,10005180,10005,602641240.531,苗栗縣泰安鄉,S05-10005180
三民區,高雄市,64000050,64000,16937009.4548,高雄市三民區,S23-64000050
六龜鄉,高雄縣,10012210,10012,186085059.7695,高雄縣六龜鄉,S12-10012210
伸港鄉,彰化縣,10007050,10007,28816431.0003,彰化縣伸港鄉,S07-10007050
二崙鄉,雲林縣,10009110,10009,60779283.3923,雲林縣二崙鄉,S09-10009110
楠西鄉,臺南縣,10011240,10011,109009467.665,臺南縣楠西鄉,S11-10011240
東區,臺南市,10021010,10021,12896371.3251,臺南市東區,S21-10021010
後壁鄉,臺南縣,10011050,10011,72721392.2152,臺南縣後壁鄉,S11-10011050
八里鄉,臺北縣,10001230,10001,36344844.264,臺北縣八里鄉,S01-10001230
石碇鄉,臺北縣,10001190,10001,141847625.2339,臺北縣石碇鄉,S01-10001190
大林鎮,嘉義縣,10010040,10010,64607611.4614,嘉義縣大林鎮,S10-10010040
池上鄉,臺東縣,10014060,10014,79226239.4705,臺東縣池上鄉,S14-10014060
後龍鎮,苗栗縣,10005060,10005,86216005.3991,苗栗縣後龍鎮,S05-10005060
林園鄉,高雄縣,10012020,10012,31256513.1504,高雄縣林園鄉,S12-10012020
民雄鄉,嘉義縣,10010050,10010,84893041.153,嘉義縣民雄鄉,S10-10010050
光復鄉,花蓮縣,10015070,10015,131634539.5,花蓮縣光復鄉,S15-10015070
宜蘭市,宜蘭縣,10002010,10002,30148773.5737,宜蘭縣宜蘭市,S02-10002010
造橋鄉,苗栗縣,10005150,10005,48320679.6438,苗栗縣造橋鄉,S05-10005150
四湖鄉,雲林縣,10009180,10009,74469435.6602,雲林縣四湖鄉,S09-10009180
蘆竹鄉,桃園縣,10003050,10003,74672098.3313,桃園縣蘆竹鄉,S03-10003050
內埔鄉,屏東縣,10013130,10013,77145120.5921,屏東縣內埔鄉,S13-10013130
三星鄉,宜蘭縣,10002100,10002,88131938.5113,宜蘭縣三星鄉,S02-10002100
新興區,高雄市,64000060,64000,2551461.0169,高雄市新興區,S23-64000060
鶯歌鎮,臺北縣,10001080,10001,21894334.2532,臺北縣鶯歌鎮,S01-10001080
岡山鎮,高雄縣,10012080,10012,50219828.9492,高雄縣岡山鎮,S12-10012080
安樂區,基隆市,10017060,10017,17867348.9276,基隆市安樂區,S17-10017060
埔心鄉,彰化縣,10007150,10007,20983178.9622,彰化縣埔心鄉,S07-10007150
口湖鄉,雲林縣,10009190,10009,98454062.3295,雲林縣口湖鄉,S09-10009190
大安鄉,臺中縣,10006140,10006,32960526.6605,臺中縣大安鄉,S06-10006140
大寮鄉,高雄縣,10012030,10012,70104477.0195,高雄縣大寮鄉,S12-10012030
甲仙鄉,高雄縣,10012220,10012,125222677.1797,高雄縣甲仙鄉,S12-10012220
泰武鄉,屏東縣,10013290,10013,124108175.0309,屏東縣泰武鄉,S13-10013290
斗六市,雲林縣,10009010,10009,91786210.4331,雲林縣斗六市,S09-10009010
中和市,臺北縣,10001030,10001,19432249.5058,臺北縣中和市,S01-10001030
卓蘭鎮,苗栗縣,10005070,10005,77408990.8598,苗栗縣卓蘭鎮,S05-10005070
湖內鄉,高雄縣,10012140,10012,21714409.0684,高雄縣湖內鄉,S12-10012140
水上鄉,嘉義縣,10010120,10010,70055548.2671,嘉義縣水上鄉,S10-10010120
卑南鄉,臺東縣,10014040,10014,425473501.9679,臺東縣卑南鄉,S14-10014040
旗山鎮,高雄縣,10012190,10012,96999471.9336,高雄縣旗山鎮,S12-10012190
苑裡鎮,苗栗縣,10005020,10005,69570501.2253,苗栗縣苑裡鎮,S05-10005020
東區,新竹市,10018010,10018,34167383.6921,新竹市東區,S18-10018010
仁德鄉,臺南縣,10011270,10011,50425261.2506,臺南縣仁德鄉,S11-10011270
埔鹽鄉,彰化縣,10007140,10007,39058325.1777,彰化縣埔鹽鄉,S07-10007140
淡水鎮,臺北縣,10001100,10001,72010913.2945,臺北縣淡水鎮,S01-10001100
白河鎮,臺南縣,10011030,10011,127928447.1956,臺南縣白河鎮,S11-10011030
中西區,臺南市,10021080,10021,6372559.7754,臺南市中西區,S21-10021080
新莊市,臺北縣,10001050,10001,20696648.2915,臺北縣新莊市,S01-10001050
延平鄉,臺東縣,10014130,10014,480642178.3073,臺東縣延平鄉,S14-10014130
六腳鄉,嘉義縣,10010080,10010,62306987.961,嘉義縣六腳鄉,S10-10010080
平鎮市,桃園縣,10003100,10003,43427631.1535,桃園縣平鎮市,S03-10003100
獅潭鄉,苗栗縣,10005170,10005,79385593.3554,苗栗縣獅潭鄉,S05-10005170
鳳林鎮,花蓮縣,10015020,10015,127451843.6146,花蓮縣鳳林鎮,S15-10015020
枋寮鄉,屏東縣,10013160,10013,58884115.305,屏東縣枋寮鄉,S13-10013160
大埔鄉,嘉義縣,10010170,10010,174289066.2138,嘉義縣大埔鄉,S10-10010170
苓雅區,高雄市,64000080,64000,8195374.5454,高雄市苓雅區,S23-64000080
大甲鎮,臺中縣,10006030,10006,59771861.4007,臺中縣大甲鎮,S06-10006030
烏來鄉,臺北縣,10001290,10001,333414154.86,臺北縣烏來鄉,S01-10001290
彰化市,彰化縣,10007010,10007,65757830.3457,彰化縣彰化市,S07-10007010
春日鄉,屏東縣,10013310,10013,155546874.0671,屏東縣春日鄉,S13-10013310
名間鄉,南投縣,10008060,10008,79272489.7873,南投縣名間鄉,S08-10008060
楠梓區,高雄市,64000040,64000,27631830.7375,高雄市楠梓區,S23-64000040
尖石鄉,新竹縣,10004120,10004,522925766.1903,新竹縣尖石鄉,S04-10004120
南港區,臺北市,63000090,63000,21963695.3736,臺北市南港區,S22-63000090
三義鄉,苗栗縣,10005130,10005,67718029.8676,苗栗縣三義鄉,S05-10005130
內湖區,臺北市,63000100,63000,32019748.4912,臺北市內湖區,S22-63000100
大安區,臺北市,63000030,63000,11331460.1897,臺北市大安區,S22-63000030
松山區,臺北市,63000010,63000,8706123.1749,臺北市松山區,S22-63000010
潮州鎮,屏東縣,10013020,10013,42525387.6415,屏東縣潮州鎮,S13-10013020
左營區,高雄市,64000030,64000,20303971.1921,高雄市左營區,S23-64000030
福興鄉,彰化縣,10007060,10007,50288390.7465,彰化縣福興鄉,S07-10007060
彌陀鄉,高雄縣,10012170,10012,14573461.2266,高雄縣彌陀鄉,S12-10012170
鹿野鄉,臺東縣,10014050,10014,79749077.2107,臺東縣鹿野鄉,S14-10014050
白沙鄉,澎湖縣,10016030,10016,22939061.2703,澎湖縣白沙鄉,S16-10016030
豐濱鄉,花蓮縣,10015080,10015,157250341.438,花蓮縣豐濱鄉,S15-10015080
和平鄉,臺中縣,10006210,10006,1006123787.5065,臺中縣和平鄉,S06-10006210
新店市,臺北縣,10001060,10001,121161727.8877,臺北縣新店市,S01-10001060
古坑鄉,雲林縣,10009070,10009,166187033.6211,雲林縣古坑鄉,S09-10009070
芳苑鄉,彰化縣,10007230,10007,126717394.1465,彰化縣芳苑鄉,S07-10007230
北斗鎮,彰化縣,10007190,10007,19792487.8383,彰化縣北斗鎮,S07-10007190
西區,嘉義市,10020020,10020,29171367.0876,嘉義市西區,S20-10020020
麟洛鄉,屏東縣,10013070,10013,13902408.5119,屏東縣麟洛鄉,S13-10013070
西區,臺中市,10019040,10019,6374932.2863,臺中市西區,S19-10019040
阿蓮鄉,高雄縣,10012120,10012,35339343.0898,高雄縣阿蓮鄉,S12-10012120
銅鑼鄉,苗栗縣,10005100,10005,78055242.1698,苗栗縣銅鑼鄉,S05-10005100
大雅鄉,臺中縣,10006100,10006,32815509.61,臺中縣大雅鄉,S06-10006100
三重市,臺北縣,10001020,10001,18100589.165,臺北縣三重市,S01-10001020
北屯區,臺中市,10019080,10019,61877043.0793,臺中市北屯區,S19-10019080
東區,臺中市,10019020,10019,6760465.0756,臺中市東區,S19-10019020
中壢市,桃園縣,10003020,10003,76083026.6673,桃園縣中壢市,S03-10003020
新豐鄉,新竹縣,10004060,10004,49887812.4631,新竹縣新豐鄉,S04-10004060
竹山鎮,南投縣,10008040,10008,258598147.7045,南投縣竹山鎮,S08-10008040
高樹鄉,屏東縣,10013110,10013,94227399.0417,屏東縣高樹鄉,S13-10013110
海端鄉,臺東縣,10014120,10014,892992227.8444,臺東縣海端鄉,S14-10014120
綠島鄉,臺東縣,10014110,10014,16291719.7343,臺東縣綠島鄉,S14-10014110
竹崎鄉,嘉義縣,10010140,10010,156827197.231,嘉義縣竹崎鄉,S10-10010140
瑞芳鎮,臺北縣,10001120,10001,71583399.8556,臺北縣瑞芳鎮,S01-10001120
太平市,臺中縣,10006190,10006,120246350.7247,臺中縣太平市,S06-10006190
中埔鄉,嘉義縣,10010130,10010,130132873.5741,嘉義縣中埔鄉,S10-10010130
中山區,臺北市,63000040,63000,13873824.7435,臺北市中山區,S22-63000040
北門鄉,臺南縣,10011170,10011,63433044.8505,臺南縣北門鄉,S11-10011170
壽豐鄉,花蓮縣,10015060,10015,206400018.163,花蓮縣壽豐鄉,S15-10015060
霧臺鄉,屏東縣,10013270,10013,304669387.3924,屏東縣霧臺鄉,S13-10013270
萬華區,臺北市,63000070,63000,7480597.9997,臺北市萬華區,S22-63000070
卓溪鄉,花蓮縣,10015130,10015,1011573506.5663,花蓮縣卓溪鄉,S15-10015130
新埔鎮,新竹縣,10004030,10004,72197072.7063,新竹縣新埔鎮,S04-10004030
東勢鄉,雲林縣,10009140,10009,46459043.1914,雲林縣東勢鄉,S09-10009140
竹東鎮,新竹縣,10004020,10004,53504391.8731,新竹縣竹東鎮,S04-10004020
梅山鄉,嘉義縣,10010150,10010,119490984.603,嘉義縣梅山鄉,S10-10010150
社頭鄉,彰化縣,10007170,10007,35921409.4171,彰化縣社頭鄉,S07-10007170
坪林鄉,臺北縣,10001200,10001,108359283.2564,臺北縣坪林鄉,S01-10001200
學甲鎮,臺南縣,10011130,10011,54493135.3291,臺南縣學甲鎮,S11-10011130
寶山鄉,新竹縣,10004100,10004,64308014.5217,新竹縣寶山鄉,S04-10004100
三芝鄉,臺北縣,10001210,10001,66341407.0094,臺北縣三芝鄉,S01-10001210
萬丹鄉,屏東縣,10013050,10013,59279258.5953,屏東縣萬丹鄉,S13-10013050
竹塘鄉,彰化縣,10007250,10007,41891453.7082,彰化縣竹塘鄉,S07-10007250
湖西鄉,澎湖縣,10016020,10016,34685210.2733,澎湖縣湖西鄉,S16-10016020
烈嶼鄉,金門縣,09020050,09020,15285700,金門縣烈嶼鄉,S24-09020050
埔里鎮,南投縣,10008020,10008,171421586.9385,南投縣埔里鎮,S08-10008020
湖口鄉,新竹縣,10004050,10004,58016982.3049,新竹縣湖口鄉,S04-10004050
番路鄉,嘉義縣,10010160,10010,112395661.813,嘉義縣番路鄉,S10-10010160
達仁鄉,臺東縣,10014150,10014,320554718.414,臺東縣達仁鄉,S14-10014150
鹿谷鄉,南投縣,10008070,10008,142941591.6471,南投縣鹿谷鄉,S08-10008070
大園鄉,桃園縣,10003060,10003,87919290.7978,桃園縣大園鄉,S03-10003060
霧峰鄉,臺中縣,10006180,10006,96021760.1525,臺中縣霧峰鄉,S06-10006180
萬巒鄉,屏東縣,10013120,10013,60835332.2278,屏東縣萬巒鄉,S13-10013120
三灣鄉,苗栗縣,10005160,10005,54196726.6792,苗栗縣三灣鄉,S05-10005160
二水鄉,彰化縣,10007180,10007,35568838.1757,彰化縣二水鄉,S07-10007180
鳥松鄉,高雄縣,10012070,10012,24830508.3359,高雄縣鳥松鄉,S12-10012070
頭屋鄉,苗栗縣,10005120,10005,51572903.2836,苗栗縣頭屋鄉,S05-10005120
烏日鄉,臺中縣,10006150,10006,42267170.2723,臺中縣烏日鄉,S06-10006150
